epoch,time,train/box_loss,train/pose_loss,train/kobj_loss,train/cls_loss,train/dfl_loss,metrics/precision(B),metrics/recall(B),metrics/mAP50(B),metrics/mAP50-95(B),metrics/precision(P),metrics/recall(P),metrics/mAP50(P),metrics/mAP50-95(P),val/box_loss,val/pose_loss,val/kobj_loss,val/cls_loss,val/dfl_loss,lr/pg0,lr/pg1,lr/pg2
1,9.67021,2.24408,9.93342,1.4157,1.90792,1.78936,0.59951,0.31606,0.33637,0.11584,0,0,0,0,3.1323,10.239,1.39294,2.68474,2.04338,0.000652778,0.000652778,0.000652778
2,17.9489,2.02448,9.13144,1.37485,1.5751,1.56102,0.27995,0.06736,0.06692,0.01764,0,0,0,0,3.8593,10.5727,1.3388,4.04309,3.17416,0.00131509,0.00131509,0.00131509
3,26.4296,2.02896,8.77124,1.33467,1.49083,1.57453,0.01536,0.12953,0.00613,0.00126,0,0,0,0,3.44178,10.4177,1.27085,28.7786,2.42805,0.001973,0.001973,0.001973
4,35.0269,1.98353,8.37178,1.286,1.43915,1.53774,0.5076,0.62176,0.52298,0.18987,0.00202,0.00518,8e-05,1e-05,2.39022,9.66521,1.16122,3.95107,1.57349,0.0019802,0.0019802,0.0019802
5,47.709,1.89128,8.1814,1.23352,1.40814,1.493,0.55679,0.65743,0.5371,0.22215,0.01687,0.03109,0.00111,0.00012,1.91857,9.13884,1.08029,2.58793,1.42735,0.0019736,0.0019736,0.0019736
6,60.0297,1.74454,7.52691,1.16834,1.26943,1.40127,0.76746,0.6943,0.70259,0.22701,0.09736,0.06218,0.01478,0.00345,2.37078,8.76061,1.00565,1.69692,1.69792,0.001967,0.001967,0.001967
7,72.0497,1.76475,7.28724,1.14482,1.23179,1.41474,0.83506,0.74611,0.73599,0.26679,0.06218,0.05699,0.00838,0.00204,2.22097,8.23919,0.9475,1.79412,1.61772,0.0019604,0.0019604,0.0019604
8,81.1561,1.70459,6.7957,1.10487,1.17806,1.36788,0.6828,0.72539,0.62303,0.20216,0.10275,0.07254,0.01197,0.00257,2.34765,8.19541,0.88872,1.7266,1.63367,0.0019538,0.0019538,0.0019538
9,92.0044,1.70783,6.65668,1.08981,1.12655,1.34528,0.71098,0.67876,0.6419,0.21793,0.0764,0.09845,0.01888,0.00339,2.22269,8.01769,0.84701,1.57998,1.60397,0.0019472,0.0019472,0.0019472
10,100.502,1.63289,6.55314,1.09195,1.17925,1.34745,0.717,0.70887,0.69506,0.21491,0.13949,0.10363,0.02482,0.00583,2.24889,7.91017,0.82297,1.7365,1.5864,0.0019406,0.0019406,0.0019406
11,110.827,1.64328,6.30492,1.04398,1.10941,1.31912,0.85186,0.79275,0.80586,0.33519,0.14509,0.12953,0.02605,0.0066,2.0153,7.86108,0.80914,1.30644,1.46607,0.001934,0.001934,0.001934
12,123.824,1.61772,6.01668,1.06364,1.15194,1.34628,0.75644,0.78238,0.74471,0.28339,0.26251,0.1399,0.05609,0.02064,2.01797,7.88513,0.80066,1.60174,1.48881,0.0019274,0.0019274,0.0019274
13,134.077,1.60542,6.01262,1.03321,1.13122,1.32936,0.80457,0.74611,0.76422,0.2892,0.14785,0.11917,0.02994,0.00772,2.10518,7.62165,0.83135,1.41718,1.55382,0.0019208,0.0019208,0.0019208
14,143.669,1.57744,5.84511,0.99764,1.10996,1.32063,0.77797,0.7262,0.7324,0.27967,0.1323,0.14508,0.03252,0.00978,1.92508,7.37655,0.81557,1.37925,1.52387,0.0019142,0.0019142,0.0019142
15,153.594,1.57407,5.72069,1.03196,1.09007,1.31293,0.66695,0.67358,0.60238,0.2015,0.10619,0.11917,0.02573,0.00806,2.02035,7.38023,0.80693,1.49849,1.55131,0.0019076,0.0019076,0.0019076
16,163.588,1.59476,5.60981,1.02807,1.08912,1.30872,0.73249,0.72021,0.68953,0.23697,0.16658,0.1658,0.04402,0.00977,2.21766,7.40989,0.82014,1.43667,1.60232,0.001901,0.001901,0.001901
17,173.124,1.60478,5.34144,1.03255,1.05614,1.31676,0.787,0.76684,0.72556,0.27135,0.21383,0.21762,0.06103,0.01597,2.08785,7.20121,0.8474,1.54535,1.54036,0.0018944,0.0018944,0.0018944
18,183.271,1.59537,5.26349,1.00698,1.1116,1.30776,0.79117,0.72539,0.68165,0.25995,0.21433,0.17098,0.07632,0.02298,2.04374,7.3358,0.82031,1.58864,1.50215,0.0018878,0.0018878,0.0018878
19,193.316,1.51995,5.02561,0.9739,1.08925,1.27567,0.76293,0.76702,0.73144,0.28888,0.1893,0.17617,0.06629,0.02569,1.94974,7.23622,0.81014,1.3771,1.50885,0.0018812,0.0018812,0.0018812
20,201.887,1.54659,5.01528,1.03812,1.06064,1.29489,0.74787,0.6943,0.71253,0.24761,0.17769,0.17617,0.05232,0.01939,2.18525,7.06655,0.83059,1.41477,1.58515,0.0018746,0.0018746,0.0018746
21,212.178,1.53345,4.74116,1.02155,1.05963,1.28683,0.79919,0.73575,0.74011,0.26157,0.19861,0.19689,0.05409,0.01788,2.21807,6.76284,0.84091,1.40683,1.59204,0.001868,0.001868,0.001868
22,221.477,1.59636,4.85991,1.02012,1.06669,1.3196,0.81918,0.76684,0.78395,0.29177,0.25225,0.23316,0.08542,0.02326,2.02696,6.57279,0.84145,1.25116,1.49818,0.0018614,0.0018614,0.0018614
23,230.06,1.53001,4.60357,0.9935,1.02167,1.27885,0.83359,0.72539,0.76438,0.33514,0.28254,0.27461,0.13857,0.03759,1.89621,6.3234,0.82812,1.29093,1.44776,0.0018548,0.0018548,0.0018548
24,241.845,1.57244,4.63079,1.02503,1.05669,1.31374,0.7492,0.72021,0.74452,0.32011,0.35282,0.38342,0.20987,0.0521,1.90079,6.03949,0.82564,1.381,1.50149,0.0018482,0.0018482,0.0018482
25,251.735,1.49277,4.35239,0.96147,1.03083,1.26228,0.76529,0.72539,0.67978,0.28875,0.3347,0.31606,0.12872,0.03828,1.92831,6.142,0.8069,1.58459,1.49401,0.0018416,0.0018416,0.0018416
26,261.28,1.51305,4.52411,1.01743,1.05924,1.29397,0.80926,0.76942,0.76341,0.29275,0.36128,0.35233,0.19995,0.06854,2.18837,5.70463,0.79284,1.26799,1.58069,0.001835,0.001835,0.001835
27,270.357,1.40809,4.25204,0.93963,1.01944,1.23619,0.86843,0.78756,0.81429,0.40333,0.57462,0.45496,0.43248,0.16705,1.87859,5.6294,0.78144,1.20854,1.42536,0.0018284,0.0018284,0.0018284
28,282.203,1.47948,4.25311,0.984,0.98844,1.25206,0.81885,0.77202,0.8038,0.29045,0.44071,0.35751,0.26714,0.08153,2.24012,5.7983,0.7774,1.24672,1.53333,0.0018218,0.0018218,0.0018218
29,292.044,1.45648,4.23672,0.95592,0.95987,1.24305,0.71026,0.69948,0.64009,0.24899,0.37034,0.37306,0.18904,0.06426,2.02422,5.65119,0.78513,1.59578,1.55877,0.0018152,0.0018152,0.0018152
30,301.12,1.45304,4.01045,0.95002,1.01716,1.2757,0.78751,0.76812,0.7585,0.2908,0.45644,0.49223,0.36756,0.10874,2.07059,5.13434,0.77792,1.44325,1.59723,0.0018086,0.0018086,0.0018086
31,311.145,1.48738,3.82867,0.98571,0.98851,1.27909,0.81273,0.77202,0.77597,0.29701,0.542,0.4715,0.34056,0.10301,2.09411,5.20197,0.77538,1.23113,1.57198,0.001802,0.001802,0.001802
32,321.07,1.46223,3.83508,0.96838,0.9889,1.27355,0.75673,0.72529,0.70577,0.26133,0.46731,0.53886,0.35114,0.12747,2.0728,4.92282,0.76928,1.33504,1.55077,0.0017954,0.0017954,0.0017954
33,330.323,1.42745,3.56522,0.93525,0.96911,1.24042,0.74142,0.78238,0.75482,0.31982,0.44993,0.49741,0.30902,0.11444,1.81444,4.96592,0.79023,1.25706,1.45685,0.0017888,0.0017888,0.0017888
34,340.176,1.43486,3.74475,0.96385,0.99372,1.24618,0.83118,0.77202,0.76968,0.30432,0.56859,0.5285,0.39177,0.1449,1.97316,4.74697,0.78569,1.22994,1.50996,0.0017822,0.0017822,0.0017822
35,349.325,1.45411,3.75539,0.95314,0.96929,1.25855,0.81875,0.7772,0.79436,0.32245,0.61384,0.59067,0.53873,0.24117,2.00909,4.58112,0.76811,1.25769,1.5218,0.0017756,0.0017756,0.0017756
36,359.156,1.42108,3.38878,0.9179,0.99075,1.25728,0.77449,0.76684,0.74928,0.28107,0.56016,0.54404,0.3987,0.1472,2.04961,4.70421,0.76617,1.29486,1.49298,0.001769,0.001769,0.001769
37,369.119,1.4325,3.78861,0.9625,0.9928,1.25337,0.83598,0.77202,0.80357,0.3212,0.57101,0.54922,0.42628,0.17837,1.88586,4.49856,0.76192,1.28835,1.46426,0.0017624,0.0017624,0.0017624
38,378.7,1.44771,3.53645,0.94499,0.9776,1.25754,0.78717,0.76684,0.78243,0.27519,0.62858,0.64249,0.57067,0.21061,2.24095,4.43563,0.78118,1.38927,1.66815,0.0017558,0.0017558,0.0017558
39,388.617,1.43328,3.51055,0.92682,0.95756,1.24835,0.78165,0.82383,0.8169,0.35615,0.60607,0.63212,0.53162,0.21092,1.81971,4.16952,0.76154,1.35176,1.50255,0.0017492,0.0017492,0.0017492
40,398.621,1.43664,3.49717,0.92175,0.92964,1.26644,0.80069,0.76166,0.75596,0.25453,0.51345,0.46114,0.29013,0.11275,2.08819,4.72943,0.76744,1.36211,1.56018,0.0017426,0.0017426,0.0017426
41,408.43,1.3737,3.41576,0.92349,0.94339,1.20222,0.79731,0.75411,0.71799,0.26129,0.66141,0.62753,0.48539,0.16795,2.10388,4.33784,0.77598,1.26706,1.56178,0.001736,0.001736,0.001736
42,418.455,1.43629,3.46707,0.94673,0.95882,1.246,0.84942,0.78238,0.81278,0.31869,0.60125,0.56251,0.3999,0.17018,2.00117,4.50792,0.74906,1.20138,1.55071,0.0017294,0.0017294,0.0017294
43,427.898,1.42647,3.59736,0.92407,0.99801,1.25713,0.83816,0.83187,0.82046,0.3428,0.65779,0.65285,0.51578,0.1941,1.90093,4.248,0.74089,1.10037,1.4988,0.0017228,0.0017228,0.0017228
44,437.803,1.40328,3.31723,0.89264,0.99629,1.23675,0.8386,0.80829,0.79615,0.28716,0.59003,0.56995,0.42493,0.15287,2.00642,4.33797,0.73069,1.21998,1.50861,0.0017162,0.0017162,0.0017162
45,447.634,1.39171,3.46106,0.91749,0.97183,1.21062,0.75146,0.74611,0.72813,0.26944,0.59662,0.59067,0.47984,0.13908,2.00264,4.60706,0.75286,1.26309,1.47734,0.0017096,0.0017096,0.0017096
46,457.722,1.40011,3.45819,0.88411,0.95952,1.21371,0.82926,0.82383,0.79711,0.36646,0.70659,0.66321,0.61298,0.26308,1.90072,4.31994,0.75961,1.14094,1.429,0.001703,0.001703,0.001703
47,466.94,1.42031,3.37164,0.93984,0.95937,1.25853,0.81925,0.80829,0.77875,0.34085,0.63849,0.63212,0.53014,0.15763,1.98117,4.48289,0.76125,1.20916,1.4829,0.0016964,0.0016964,0.0016964
48,476.383,1.38056,3.42262,0.93042,0.97741,1.23574,0.772,0.79793,0.7813,0.32575,0.69228,0.63212,0.57527,0.22279,2.00082,4.15961,0.75089,1.13742,1.47136,0.0016898,0.0016898,0.0016898
49,484.857,1.39984,3.05268,0.91537,0.94028,1.23906,0.80417,0.82982,0.82967,0.33309,0.77583,0.69948,0.67544,0.25678,2.04459,4.12757,0.74266,1.10362,1.54616,0.0016832,0.0016832,0.0016832
50,494.877,1.33274,3.00881,0.86364,0.9129,1.20246,0.85969,0.7937,0.80571,0.33915,0.74882,0.67968,0.58747,0.23154,1.9633,3.9863,0.75942,1.10411,1.52732,0.0016766,0.0016766,0.0016766
51,505.08,1.35645,3.06386,0.88391,0.91688,1.20851,0.79893,0.7772,0.74907,0.24328,0.6332,0.61658,0.45151,0.16695,2.24262,4.00246,0.73622,1.17835,1.61685,0.00167,0.00167,0.00167
52,514.351,1.38625,3.0449,0.88049,0.90968,1.2438,0.84091,0.82165,0.84293,0.36208,0.69719,0.67999,0.67511,0.28545,1.95967,3.75133,0.73838,1.10368,1.53704,0.0016634,0.0016634,0.0016634
53,526.202,1.33882,3.14765,0.88908,0.92583,1.19905,0.77016,0.80829,0.80263,0.34255,0.62242,0.67477,0.57709,0.22157,1.80328,3.82017,0.73357,1.19891,1.45307,0.0016568,0.0016568,0.0016568
54,536.163,1.32488,3.10221,0.90375,0.91074,1.19411,0.81478,0.75217,0.796,0.32523,0.72135,0.63041,0.57152,0.20933,1.89484,3.84254,0.73641,1.24504,1.45728,0.0016502,0.0016502,0.0016502
55,546.258,1.32501,3.02748,0.85542,0.86836,1.19138,0.80407,0.82902,0.81242,0.33323,0.76233,0.62176,0.57257,0.22169,1.98153,3.87084,0.74655,1.16712,1.51495,0.0016436,0.0016436,0.0016436
56,556.117,1.31284,2.7905,0.84272,0.84045,1.17171,0.82864,0.79793,0.78172,0.35713,0.76638,0.65803,0.59542,0.21879,1.94894,4.10097,0.75204,1.46627,1.51961,0.001637,0.001637,0.001637
57,566.207,1.3499,2.88271,0.87184,0.88564,1.20084,0.86901,0.75625,0.80792,0.37752,0.81563,0.72539,0.72121,0.3047,1.86645,3.79086,0.75437,1.21256,1.473,0.0016304,0.0016304,0.0016304
58,578.262,1.32654,3.04529,0.8717,0.91461,1.20787,0.87312,0.82383,0.87079,0.39647,0.84529,0.72539,0.74314,0.33853,1.77403,3.66287,0.74326,1.00785,1.41405,0.0016238,0.0016238,0.0016238
59,589.748,1.30913,3.0825,0.86919,0.90439,1.17586,0.87066,0.8342,0.84459,0.3811,0.67073,0.66493,0.58114,0.23082,1.73558,3.79515,0.73314,0.99473,1.36141,0.0016172,0.0016172,0.0016172
60,599.675,1.336,2.78291,0.83982,0.89818,1.19684,0.82268,0.8173,0.78326,0.30048,0.70525,0.70664,0.61572,0.24506,2.03386,3.78639,0.74006,1.13758,1.47588,0.0016106,0.0016106,0.0016106
61,608.555,1.28009,2.78578,0.82191,0.88664,1.16195,0.89654,0.8601,0.87331,0.43258,0.83557,0.76359,0.77378,0.30691,1.74045,3.73698,0.72981,1.03118,1.42416,0.001604,0.001604,0.001604
62,620.632,1.29894,2.86595,0.85418,0.83717,1.17749,0.89007,0.83902,0.83486,0.35954,0.81303,0.7435,0.73828,0.36938,1.96952,3.68257,0.73995,1.07997,1.4763,0.0015974,0.0015974,0.0015974
63,630.708,1.34401,2.89695,0.88652,0.8452,1.22877,0.87267,0.81672,0.83274,0.38136,0.76786,0.70984,0.6654,0.2223,1.80131,3.92218,0.72414,1.03437,1.36843,0.0015908,0.0015908,0.0015908
64,639.414,1.27046,2.92609,0.85852,0.82532,1.17138,0.82564,0.79275,0.76629,0.32708,0.63739,0.62694,0.4642,0.18704,1.87663,3.53927,0.733,1.05475,1.41113,0.0015842,0.0015842,0.0015842
65,649.587,1.2991,2.83701,0.84126,0.82634,1.18018,0.86258,0.87814,0.8777,0.4418,0.79084,0.72539,0.73739,0.34041,1.73561,3.38531,0.74823,0.9744,1.43295,0.0015776,0.0015776,0.0015776
66,660.759,1.33009,2.80526,0.84954,0.83753,1.22319,0.80407,0.74611,0.7491,0.26229,0.71427,0.66321,0.60088,0.25463,2.27812,3.61956,0.75703,1.23326,1.59351,0.001571,0.001571,0.001571
67,670.354,1.35818,2.86748,0.85923,0.89296,1.21874,0.82126,0.83323,0.81664,0.40151,0.65676,0.65434,0.6023,0.29634,1.76878,3.55756,0.75781,1.07416,1.39172,0.0015644,0.0015644,0.0015644
68,679.9,1.29275,2.71881,0.80877,0.83869,1.1863,0.88856,0.8601,0.88484,0.45867,0.79684,0.73575,0.73377,0.41534,1.6823,3.26632,0.73853,0.95617,1.36033,0.0015578,0.0015578,0.0015578
69,691.049,1.29548,2.57961,0.81551,0.84139,1.17484,0.81111,0.81865,0.80293,0.37361,0.76325,0.70984,0.67996,0.33975,1.8696,3.42444,0.73546,1.1474,1.4469,0.0015512,0.0015512,0.0015512
70,700.973,1.25442,2.58307,0.81266,0.82722,1.16301,0.85531,0.82701,0.84026,0.43409,0.84195,0.75648,0.76408,0.4417,1.70906,3.00815,0.72086,1.14923,1.40041,0.0015446,0.0015446,0.0015446
71,712.491,1.30131,2.63143,0.83454,0.82792,1.18724,0.87967,0.83938,0.82303,0.33785,0.82578,0.7613,0.70961,0.30294,1.93783,3.27135,0.73133,1.04906,1.46734,0.001538,0.001538,0.001538
72,721.633,1.26738,2.74574,0.82231,0.81052,1.16932,0.87116,0.87587,0.87762,0.44876,0.85922,0.79061,0.7861,0.39788,1.67255,3.23097,0.72891,0.93538,1.38375,0.0015314,0.0015314,0.0015314
73,731.798,1.27683,2.50815,0.83023,0.81336,1.18863,0.84297,0.81865,0.86074,0.43011,0.8601,0.74611,0.73588,0.38605,1.72727,3.36261,0.72901,0.91357,1.40735,0.0015248,0.0015248,0.0015248
74,741.657,1.31917,2.53959,0.81371,0.81263,1.19788,0.86325,0.85042,0.85021,0.35211,0.79534,0.76166,0.71216,0.33286,1.95733,3.13833,0.72,1.07577,1.43519,0.0015182,0.0015182,0.0015182
75,751.698,1.31469,2.55997,0.82255,0.83284,1.17716,0.83113,0.80311,0.79011,0.32649,0.75886,0.72021,0.65327,0.2763,2.01329,3.59579,0.72711,1.14293,1.45019,0.0015116,0.0015116,0.0015116
76,761.81,1.2577,2.49335,0.80596,0.79088,1.15879,0.87834,0.86034,0.86081,0.45165,0.79697,0.75252,0.72128,0.32788,1.63072,3.50455,0.71553,0.94,1.29747,0.001505,0.001505,0.001505
77,771.959,1.27419,2.67357,0.79029,0.79095,1.15992,0.81189,0.82741,0.83003,0.38276,0.76504,0.71503,0.70601,0.29779,1.75682,3.43762,0.71945,1.04172,1.37065,0.0014984,0.0014984,0.0014984
78,782.165,1.22251,2.56908,0.81392,0.7971,1.15646,0.89729,0.84974,0.86934,0.48516,0.86273,0.68386,0.72826,0.39503,1.6135,3.45052,0.7265,0.85966,1.36567,0.0014918,0.0014918,0.0014918
79,794.289,1.23343,2.60067,0.80941,0.79526,1.17672,0.84727,0.82383,0.84292,0.44388,0.82632,0.76166,0.75637,0.3484,1.71492,3.37729,0.71889,0.91327,1.42138,0.0014852,0.0014852,0.0014852
80,804.128,1.24544,2.57053,0.81088,0.81985,1.16989,0.8219,0.86079,0.83025,0.35742,0.8379,0.75648,0.77776,0.36373,1.96363,3.1587,0.72055,0.96047,1.47926,0.0014786,0.0014786,0.0014786
81,814.153,1.19998,2.40378,0.80397,0.74442,1.14586,0.86983,0.86556,0.86405,0.41536,0.82302,0.7513,0.77151,0.36796,1.78357,3.12034,0.70575,0.92332,1.40185,0.001472,0.001472,0.001472
82,824.423,1.25829,2.44009,0.79395,0.77003,1.16146,0.80089,0.83363,0.81439,0.34077,0.84325,0.78049,0.78689,0.37861,1.96005,3.03948,0.7167,1.03587,1.44143,0.0014654,0.0014654,0.0014654
83,834.647,1.23603,2.64937,0.81586,0.75769,1.14557,0.85985,0.8342,0.84562,0.45677,0.82723,0.76684,0.74196,0.35391,1.66808,3.15124,0.71099,0.91782,1.32814,0.0014588,0.0014588,0.0014588
84,844.721,1.27755,2.42153,0.8138,0.77518,1.17131,0.86623,0.87232,0.88224,0.49486,0.84764,0.75648,0.76865,0.39127,1.48603,3.04029,0.71852,0.89231,1.29837,0.0014522,0.0014522,0.0014522
85,854.584,1.30741,2.54176,0.79614,0.80127,1.18381,0.88301,0.82383,0.85101,0.40954,0.86579,0.80218,0.78699,0.41108,1.76936,2.90219,0.73037,0.9618,1.43945,0.0014456,0.0014456,0.0014456
86,864.661,1.21354,2.34895,0.79343,0.78628,1.15128,0.86956,0.82895,0.8296,0.38533,0.83321,0.76166,0.76733,0.42747,1.86003,3.01537,0.74061,1.02627,1.46647,0.001439,0.001439,0.001439
87,874.527,1.19507,2.36659,0.78771,0.73206,1.13605,0.88985,0.80829,0.85049,0.42993,0.85347,0.76684,0.7815,0.47326,1.73385,2.9695,0.73103,0.91795,1.37501,0.0014324,0.0014324,0.0014324
88,886.343,1.19531,2.31131,0.80275,0.72475,1.13682,0.86608,0.84974,0.85737,0.45698,0.7765,0.76166,0.74579,0.35187,1.66379,3.06532,0.7085,0.87392,1.35394,0.0014258,0.0014258,0.0014258
89,896.261,1.21059,2.3077,0.7802,0.73088,1.14465,0.88057,0.84456,0.85419,0.38521,0.80452,0.76684,0.73143,0.34952,1.83335,3.20788,0.71814,0.97642,1.42284,0.0014192,0.0014192,0.0014192
90,904.982,1.20663,2.47618,0.78419,0.75667,1.13843,0.89021,0.84022,0.86787,0.42596,0.85701,0.77202,0.78903,0.44631,1.81819,2.98137,0.72509,1.00208,1.42697,0.0014126,0.0014126,0.0014126
91,914.695,1.27669,2.29536,0.80473,0.77818,1.19244,0.89781,0.85492,0.89389,0.47511,0.86092,0.76974,0.78067,0.40961,1.61224,2.96516,0.73546,0.90583,1.35273,0.001406,0.001406,0.001406
92,924.701,1.20776,2.37155,0.78382,0.74768,1.14586,0.8583,0.81602,0.8498,0.44486,0.84867,0.7513,0.75681,0.38679,1.67739,3.21967,0.74966,0.96337,1.41062,0.0013994,0.0013994,0.0013994
93,934.488,1.25937,2.25442,0.77686,0.75983,1.15993,0.86235,0.79275,0.80043,0.37831,0.85833,0.78479,0.7618,0.33993,1.76602,3.09757,0.74643,1.03308,1.40869,0.0013928,0.0013928,0.0013928
94,943.845,1.22725,2.34947,0.78951,0.77663,1.15812,0.87153,0.83938,0.86945,0.48228,0.82587,0.76181,0.75882,0.4101,1.56753,2.88161,0.72011,0.89309,1.3257,0.0013862,0.0013862,0.0013862
95,953.737,1.22203,2.31321,0.82421,0.75808,1.16819,0.85365,0.88083,0.87733,0.45429,0.86258,0.80829,0.84347,0.42955,1.78069,3.00011,0.72271,0.85665,1.4324,0.0013796,0.0013796,0.0013796
96,963.615,1.19118,2.07667,0.76341,0.71181,1.12336,0.86714,0.84456,0.84962,0.36264,0.85766,0.78238,0.79051,0.41177,2.05689,3.16794,0.73893,0.96283,1.49266,0.001373,0.001373,0.001373
97,973.721,1.23614,2.24425,0.79859,0.75681,1.15257,0.87588,0.82902,0.86511,0.42598,0.87512,0.80829,0.79968,0.4541,1.74454,3.0841,0.73666,0.96355,1.371,0.0013664,0.0013664,0.0013664
98,982.908,1.23595,2.26747,0.79852,0.73172,1.14959,0.86484,0.862,0.87731,0.46598,0.89581,0.80185,0.81834,0.48274,1.72006,2.96612,0.7201,0.88355,1.39963,0.0013598,0.0013598,0.0013598
99,994.41,1.12553,1.94719,0.78811,0.68651,1.09471,0.86975,0.86528,0.86976,0.45828,0.86718,0.76684,0.78992,0.47656,1.77276,2.88431,0.71147,0.88308,1.41433,0.0013532,0.0013532,0.0013532
100,1004.48,1.17715,1.92664,0.74817,0.72253,1.13167,0.8753,0.87283,0.89373,0.46198,0.86362,0.80829,0.83329,0.49855,1.72801,2.71724,0.70864,0.84605,1.37473,0.0013466,0.0013466,0.0013466
101,1015.01,1.20454,2.02164,0.774,0.70541,1.14331,0.90803,0.85492,0.89282,0.50562,0.92381,0.79275,0.82178,0.49235,1.58545,2.81673,0.72188,0.83685,1.33597,0.00134,0.00134,0.00134
102,1025.45,1.18241,2.05138,0.78503,0.71371,1.13285,0.86146,0.84974,0.87176,0.44289,0.86084,0.76166,0.7507,0.40988,1.68821,3.20681,0.74609,0.89651,1.35709,0.0013334,0.0013334,0.0013334
103,1034.44,1.10873,1.7892,0.76163,0.67517,1.08966,0.88667,0.8513,0.85407,0.47986,0.86554,0.78756,0.78975,0.43992,1.57434,3.09261,0.74894,0.86207,1.34778,0.0013268,0.0013268,0.0013268
104,1044.37,1.18615,1.91201,0.76331,0.7185,1.12782,0.888,0.82165,0.83694,0.43796,0.83496,0.78238,0.79098,0.3498,1.72561,3.18071,0.71901,0.91557,1.34217,0.0013202,0.0013202,0.0013202
105,1054.22,1.16666,1.9519,0.76036,0.7191,1.11337,0.90795,0.79793,0.82933,0.35189,0.92103,0.79793,0.82283,0.45703,1.99793,2.99305,0.707,0.9909,1.46102,0.0013136,0.0013136,0.0013136
106,1064.14,1.17391,1.9037,0.7876,0.72112,1.14943,0.91834,0.83938,0.87631,0.46584,0.9006,0.78238,0.80888,0.48734,1.69281,2.98433,0.70476,0.87225,1.39907,0.001307,0.001307,0.001307
107,1073.31,1.17255,1.74373,0.75587,0.72285,1.13454,0.90162,0.85472,0.87802,0.47217,0.8864,0.80311,0.83835,0.51359,1.63317,2.59202,0.67888,0.82977,1.34298,0.0013004,0.0013004,0.0013004
108,1081.92,1.12645,1.89612,0.73536,0.69111,1.10644,0.88214,0.88601,0.89281,0.49051,0.89208,0.8138,0.8333,0.51565,1.62723,2.70016,0.67729,0.81895,1.36599,0.0012938,0.0012938,0.0012938
109,1093.44,1.13652,1.73424,0.74511,0.68238,1.11506,0.8858,0.89119,0.88745,0.46171,0.86703,0.79275,0.80256,0.50003,1.69401,2.92016,0.69605,0.82907,1.36898,0.0012872,0.0012872,0.0012872
110,1103.37,1.16631,1.83702,0.7792,0.69633,1.11539,0.89514,0.83938,0.87843,0.4384,0.93012,0.8342,0.88197,0.53664,1.82096,2.54451,0.70223,0.88101,1.43371,0.0012806,0.0012806,0.0012806
111,1113.17,1.16159,1.8908,0.77573,0.69993,1.14521,0.86487,0.84456,0.86621,0.41573,0.8992,0.81347,0.85634,0.46489,1.88047,2.73737,0.70276,0.90467,1.42071,0.001274,0.001274,0.001274
112,1123.06,1.17708,1.71694,0.76051,0.71804,1.13891,0.90242,0.82383,0.88407,0.47579,0.91272,0.78238,0.82412,0.47754,1.65016,2.87678,0.71314,0.85495,1.35985,0.0012674,0.0012674,0.0012674
113,1133.06,1.16348,1.69914,0.75175,0.70308,1.12368,0.90663,0.78756,0.86511,0.43105,0.87698,0.73876,0.77241,0.50266,1.7587,2.90363,0.72467,0.91287,1.38998,0.0012608,0.0012608,0.0012608
114,1142.49,1.215,1.82521,0.74504,0.71663,1.12597,0.83162,0.83938,0.83713,0.38093,0.83439,0.7772,0.81152,0.47452,1.98632,2.71578,0.71343,0.95411,1.44257,0.0012542,0.0012542,0.0012542
115,1152.1,1.13785,1.82346,0.73996,0.69545,1.0928,0.87695,0.87047,0.87851,0.43177,0.92051,0.84006,0.86617,0.48096,1.80867,2.5802,0.69959,0.88475,1.38629,0.0012476,0.0012476,0.0012476
116,1162.15,1.09468,1.74542,0.74219,0.64575,1.07461,0.87858,0.89119,0.89838,0.50014,0.89474,0.83682,0.87241,0.51542,1.56144,2.51507,0.70335,0.82936,1.31251,0.001241,0.001241,0.001241
117,1173.81,1.11807,1.63453,0.72862,0.68363,1.09815,0.86149,0.88601,0.89236,0.50638,0.89289,0.77744,0.83002,0.48927,1.54862,2.59224,0.70169,0.86414,1.30824,0.0012344,0.0012344,0.0012344
118,1183.8,1.08571,1.67419,0.72669,0.6891,1.10291,0.87453,0.87565,0.89357,0.49582,0.83895,0.75576,0.78586,0.44411,1.52309,2.98239,0.70629,0.83482,1.30825,0.0012278,0.0012278,0.0012278
119,1193.83,1.14153,1.6311,0.73131,0.68564,1.10696,0.87275,0.85285,0.88105,0.4921,0.91119,0.75648,0.79279,0.48464,1.61924,2.88393,0.70356,0.87225,1.32311,0.0012212,0.0012212,0.0012212
120,1202.8,1.16639,1.88998,0.72028,0.70611,1.13179,0.87441,0.88083,0.8796,0.47618,0.89893,0.82954,0.85169,0.48781,1.60905,2.57867,0.67537,0.82225,1.32957,0.0012146,0.0012146,0.0012146
121,1213.1,1.12194,1.70061,0.73886,0.67884,1.09712,0.88572,0.88347,0.88879,0.52962,0.89284,0.82023,0.8582,0.51473,1.45538,2.43219,0.65437,0.79234,1.29934,0.001208,0.001208,0.001208
122,1224.67,1.09926,1.65508,0.73463,0.67262,1.08997,0.89882,0.82847,0.8678,0.48385,0.89395,0.81347,0.83972,0.4775,1.54417,2.57061,0.66003,0.82996,1.34231,0.0012014,0.0012014,0.0012014
123,1234.84,1.1138,1.6874,0.71964,0.69471,1.09701,0.86627,0.8601,0.86959,0.45609,0.92391,0.81792,0.85415,0.49885,1.67247,2.60928,0.67891,0.87814,1.40119,0.0011948,0.0011948,0.0011948
124,1243.49,1.07146,1.57366,0.71135,0.65613,1.09025,0.83655,0.82205,0.85183,0.44665,0.88485,0.79635,0.83349,0.53149,1.81303,2.75664,0.67249,0.90519,1.44485,0.0011882,0.0011882,0.0011882
125,1253.38,1.10653,1.73616,0.74013,0.64689,1.10339,0.88693,0.81865,0.87149,0.47604,0.8968,0.78238,0.81471,0.47124,1.67381,2.96203,0.68312,0.8765,1.34435,0.0011816,0.0011816,0.0011816
126,1262.57,1.13713,1.68999,0.74799,0.66736,1.10513,0.85967,0.86528,0.86562,0.43653,0.86641,0.80648,0.77775,0.41055,1.72916,2.80391,0.67981,0.85602,1.37635,0.001175,0.001175,0.001175
127,1272.56,1.15629,1.72351,0.70897,0.66515,1.09676,0.83316,0.87975,0.85725,0.4646,0.8621,0.82383,0.8363,0.45948,1.62621,2.59958,0.67133,0.87476,1.32927,0.0011684,0.0011684,0.0011684
128,1282.46,1.1369,1.82017,0.73603,0.68191,1.13102,0.90448,0.84974,0.88333,0.49879,0.88588,0.82902,0.8398,0.51941,1.6072,2.63806,0.66515,0.79926,1.32749,0.0011618,0.0011618,0.0011618
129,1292.31,1.11518,1.64095,0.72729,0.66402,1.11048,0.89853,0.84974,0.87252,0.5237,0.88304,0.78237,0.80071,0.50728,1.47321,2.7786,0.67754,0.78889,1.28692,0.0011552,0.0011552,0.0011552
130,1301.44,1.10205,1.64119,0.70302,0.67245,1.08689,0.82526,0.85646,0.84816,0.44817,0.88899,0.74692,0.77346,0.50005,1.74873,3.07172,0.66125,0.84974,1.372,0.0011486,0.0011486,0.0011486
131,1311.41,1.11373,1.58825,0.72873,0.67442,1.11221,0.82464,0.86528,0.85007,0.43821,0.88924,0.7772,0.78971,0.50932,1.81648,2.9145,0.66412,0.86907,1.38168,0.001142,0.001142,0.001142
132,1321.36,1.09575,1.52998,0.71906,0.63461,1.09343,0.88577,0.87047,0.89966,0.51819,0.90646,0.78238,0.82243,0.54439,1.58646,2.64072,0.66327,0.7981,1.32155,0.0011354,0.0011354,0.0011354
133,1333.35,1.07492,1.50708,0.71171,0.63683,1.07809,0.8883,0.84974,0.89336,0.49592,0.87319,0.81865,0.82197,0.52821,1.67686,2.63755,0.67196,0.80862,1.38308,0.0011288,0.0011288,0.0011288
134,1343.38,1.10453,1.60836,0.69242,0.65837,1.08886,0.8768,0.84811,0.88804,0.48889,0.90932,0.80829,0.8631,0.54394,1.63265,2.57984,0.66656,0.78496,1.36791,0.0011222,0.0011222,0.0011222
135,1353.38,1.06466,1.64495,0.69972,0.64146,1.08894,0.92279,0.8342,0.87108,0.50641,0.9276,0.82902,0.84783,0.55157,1.52813,2.46932,0.66201,0.7987,1.29916,0.0011156,0.0011156,0.0011156
136,1363.24,1.11888,1.74845,0.69769,0.67515,1.12208,0.87542,0.83938,0.86562,0.47488,0.85854,0.77202,0.78534,0.43657,1.62903,3.01377,0.67048,0.878,1.34007,0.001109,0.001109,0.001109
137,1373.55,1.052,1.68656,0.69752,0.66499,1.10113,0.85647,0.8348,0.86609,0.43664,0.87121,0.80613,0.82213,0.4933,1.76776,2.60947,0.66846,0.90387,1.4428,0.0011024,0.0011024,0.0011024
138,1382.6,1.06808,1.72233,0.70856,0.66126,1.07434,0.87949,0.82902,0.8466,0.43736,0.8913,0.80724,0.81737,0.44187,1.74281,2.66401,0.66133,0.84255,1.38538,0.0010958,0.0010958,0.0010958
139,1393.17,1.0862,1.69284,0.69432,0.65396,1.07116,0.90616,0.80311,0.85365,0.48943,0.89063,0.80311,0.83333,0.53575,1.62092,2.57701,0.67572,0.85457,1.3493,0.0010892,0.0010892,0.0010892
140,1403.29,1.01201,1.57822,0.71173,0.62441,1.05352,0.91393,0.88027,0.91331,0.51386,0.90832,0.84974,0.87918,0.53873,1.54132,2.4477,0.66545,0.75621,1.31989,0.0010826,0.0010826,0.0010826
141,1413.34,1.11953,1.56923,0.69174,0.66209,1.10443,0.8643,0.8342,0.8783,0.4928,0.89544,0.8342,0.87656,0.51832,1.57083,2.49716,0.66624,0.78656,1.36606,0.001076,0.001076,0.001076
142,1423.75,1.07932,1.68746,0.67927,0.66032,1.09223,0.91874,0.8342,0.90297,0.50582,0.92615,0.83938,0.89324,0.55891,1.60537,2.46889,0.67402,0.75695,1.37632,0.0010694,0.0010694,0.0010694
143,1433.47,1.11626,1.72903,0.69119,0.66157,1.11329,0.89599,0.86528,0.90239,0.50814,0.90386,0.81347,0.85629,0.53533,1.52455,2.50897,0.66888,0.75661,1.33814,0.0010628,0.0010628,0.0010628
144,1443.63,1.07791,1.56952,0.688,0.65409,1.09128,0.86331,0.87565,0.88706,0.45798,0.89036,0.84157,0.86052,0.55015,1.67098,2.51547,0.66721,0.82725,1.37114,0.0010562,0.0010562,0.0010562
145,1454.02,1.04973,1.64237,0.66724,0.61876,1.07676,0.87779,0.856,0.88935,0.43334,0.90196,0.82383,0.83739,0.55146,1.78221,2.68087,0.69207,0.83082,1.40356,0.0010496,0.0010496,0.0010496
146,1463.46,1.048,1.54626,0.69683,0.62556,1.0749,0.94408,0.85492,0.92518,0.54033,0.92562,0.83821,0.8696,0.58084,1.4583,2.37576,0.64495,0.72918,1.30342,0.001043,0.001043,0.001043
147,1474.56,1.04481,1.59169,0.67296,0.62842,1.05237,0.86806,0.88601,0.88636,0.49679,0.93378,0.84456,0.89821,0.53067,1.56387,2.37138,0.64857,0.77223,1.33848,0.0010364,0.0010364,0.0010364
148,1484.42,1.0466,1.47201,0.67767,0.62642,1.05924,0.88492,0.86528,0.86517,0.42364,0.87962,0.8601,0.86353,0.51514,1.82659,2.45801,0.65577,0.86006,1.38146,0.0010298,0.0010298,0.0010298
149,1494.58,1.07721,1.45445,0.69722,0.63682,1.07297,0.86901,0.89369,0.88541,0.50097,0.84983,0.87047,0.83846,0.48655,1.45623,2.35635,0.64151,0.77448,1.27719,0.0010232,0.0010232,0.0010232
150,1504.49,1.06311,1.65071,0.69986,0.65945,1.08361,0.9103,0.86528,0.8856,0.52305,0.91379,0.8342,0.85748,0.50716,1.43317,2.53648,0.65598,0.74651,1.30002,0.0010166,0.0010166,0.0010166
151,1514.7,1.01929,1.47316,0.67778,0.58397,1.04117,0.89668,0.82902,0.85448,0.45456,0.90845,0.82259,0.82865,0.54328,1.69198,2.65464,0.66611,0.81648,1.4013,0.00101,0.00101,0.00101
152,1523.39,1.02715,1.46024,0.68035,0.6025,1.05289,0.85551,0.85896,0.85138,0.47113,0.89991,0.79198,0.80971,0.47099,1.55469,2.59075,0.66372,0.77885,1.35845,0.0010034,0.0010034,0.0010034
153,1533.55,1.03999,1.6079,0.66445,0.61087,1.0626,0.84608,0.84974,0.83342,0.4677,0.89303,0.82188,0.8011,0.44688,1.48816,2.48348,0.64634,0.81126,1.29715,0.0009968,0.0009968,0.0009968
154,1543.66,0.98918,1.50408,0.65462,0.60067,1.04413,0.87179,0.88601,0.86217,0.47628,0.93131,0.84299,0.86573,0.46953,1.55235,2.42775,0.64767,0.77587,1.36343,0.0009902,0.0009902,0.0009902
155,1554.02,1.01513,1.46698,0.67937,0.61413,1.07065,0.87505,0.87047,0.88545,0.50174,0.90195,0.82383,0.83498,0.51524,1.5313,2.60045,0.6722,0.74571,1.34273,0.0009836,0.0009836,0.0009836
156,1564.16,1.0131,1.45447,0.65157,0.60822,1.06428,0.89286,0.8636,0.90085,0.53757,0.89989,0.83838,0.86545,0.57831,1.47295,2.48639,0.66285,0.71734,1.32865,0.000977,0.000977,0.000977
157,1573.98,1.04599,1.42583,0.64341,0.62347,1.08636,0.85185,0.86396,0.87835,0.49579,0.89413,0.78763,0.80759,0.50536,1.595,2.66371,0.65417,0.76007,1.34428,0.0009704,0.0009704,0.0009704
158,1584,1.04342,1.60057,0.66742,0.62682,1.0675,0.86941,0.86237,0.89414,0.50095,0.91893,0.82218,0.84035,0.52057,1.61254,2.52696,0.65322,0.78205,1.32834,0.0009638,0.0009638,0.0009638
159,1593.97,1.01701,1.49294,0.6406,0.59816,1.05769,0.91058,0.87565,0.9099,0.52567,0.8997,0.82383,0.83683,0.51611,1.48957,2.39416,0.64327,0.78332,1.30831,0.0009572,0.0009572,0.0009572
160,1604.16,1.02466,1.38525,0.66296,0.605,1.06145,0.87409,0.87047,0.88296,0.48201,0.8952,0.82383,0.82844,0.45996,1.56424,2.46538,0.65144,0.80798,1.33219,0.0009506,0.0009506,0.0009506
161,1613.17,1.02346,1.45188,0.65098,0.61892,1.07593,0.88092,0.88083,0.90406,0.51828,0.90038,0.81347,0.84489,0.51059,1.48638,2.43962,0.6286,0.77038,1.29139,0.000944,0.000944,0.000944
162,1623.32,0.99917,1.53341,0.65273,0.61504,1.05424,0.88225,0.87565,0.88603,0.49856,0.88361,0.80829,0.81063,0.51466,1.54649,2.60595,0.64252,0.79097,1.33707,0.0009374,0.0009374,0.0009374
163,1632.52,1.05817,1.53422,0.65994,0.61156,1.06808,0.85614,0.86336,0.85714,0.43455,0.90885,0.79275,0.81483,0.46277,1.78455,2.72227,0.65735,0.83503,1.42235,0.0009308,0.0009308,0.0009308
164,1642.58,0.9904,1.55259,0.65666,0.59985,1.03806,0.90215,0.85988,0.88416,0.52382,0.91558,0.80829,0.85496,0.54108,1.45128,2.34629,0.64786,0.76384,1.2795,0.0009242,0.0009242,0.0009242
165,1651.65,1.02888,1.41122,0.65091,0.61029,1.06036,0.8829,0.88083,0.88964,0.48394,0.92401,0.81902,0.83445,0.4503,1.58237,2.65128,0.66556,0.78675,1.31641,0.0009176,0.0009176,0.0009176
166,1661.81,0.94762,1.34587,0.6533,0.58684,1.02034,0.8962,0.89474,0.9119,0.53073,0.91286,0.82902,0.85278,0.50232,1.40388,2.58713,0.68638,0.77179,1.26453,0.000911,0.000911,0.000911
167,1671.97,1.00022,1.40744,0.64622,0.60325,1.04591,0.90757,0.86491,0.9106,0.54726,0.91278,0.80829,0.84266,0.51843,1.39286,2.61731,0.67486,0.74022,1.24505,0.0009044,0.0009044,0.0009044
168,1682.08,0.98456,1.31581,0.64477,0.58411,1.05185,0.91075,0.84597,0.89517,0.53187,0.92151,0.79793,0.87138,0.55687,1.48213,2.55974,0.66326,0.73724,1.28092,0.0008978,0.0008978,0.0008978
169,1691.38,0.96986,1.42732,0.6417,0.58932,1.03855,0.91139,0.85268,0.90953,0.54306,0.91868,0.79275,0.83925,0.55375,1.49785,2.64475,0.67586,0.76129,1.27191,0.0008912,0.0008912,0.0008912
170,1701.06,0.98337,1.34989,0.63603,0.58723,1.04336,0.92541,0.87047,0.89331,0.4708,0.93743,0.82902,0.8688,0.54052,1.64646,2.42768,0.65627,0.79214,1.34247,0.0008846,0.0008846,0.0008846
171,1711.04,0.98179,1.35193,0.64707,0.61414,1.05742,0.9188,0.8601,0.9055,0.55899,0.92248,0.84974,0.88644,0.54785,1.41404,2.42367,0.65909,0.74756,1.27747,0.000878,0.000878,0.000878
172,1720.1,0.98523,1.38302,0.635,0.60465,1.04014,0.91063,0.84476,0.86656,0.5119,0.92637,0.84743,0.87377,0.55553,1.50999,2.32829,0.65162,0.79095,1.31499,0.0008714,0.0008714,0.0008714
173,1729.25,0.99005,1.43904,0.66607,0.58734,1.04752,0.88636,0.84456,0.86279,0.48594,0.93213,0.8342,0.85419,0.51902,1.52157,2.39798,0.65315,0.80331,1.3291,0.0008648,0.0008648,0.0008648
174,1739.26,0.96775,1.43671,0.64583,0.56988,1.03129,0.88282,0.89782,0.90654,0.53248,0.94952,0.80311,0.85535,0.54665,1.47565,2.50853,0.6594,0.77435,1.30004,0.0008582,0.0008582,0.0008582
175,1749.12,0.98226,1.39563,0.65659,0.58942,1.04543,0.8817,0.8882,0.8967,0.52453,0.90246,0.81347,0.84991,0.55813,1.46329,2.55474,0.66662,0.75028,1.27598,0.0008516,0.0008516,0.0008516
176,1759.29,0.99432,1.4602,0.62903,0.59499,1.03435,0.86482,0.86186,0.86348,0.50613,0.93047,0.83202,0.86379,0.59638,1.53618,2.48915,0.64977,0.7883,1.29114,0.000845,0.000845,0.000845
177,1769.26,1.01632,1.4724,0.62764,0.61982,1.05559,0.8729,0.88961,0.87516,0.52729,0.91038,0.8342,0.857,0.51101,1.40645,2.50515,0.65204,0.78145,1.24481,0.0008384,0.0008384,0.0008384
178,1779.31,0.98978,1.47678,0.644,0.60656,1.0469,0.85926,0.8601,0.85144,0.45954,0.87515,0.79903,0.81369,0.44108,1.62743,2.50366,0.66846,0.79636,1.34187,0.0008318,0.0008318,0.0008318
179,1789.32,0.96698,1.48989,0.65131,0.57999,1.03649,0.88569,0.84456,0.87056,0.48541,0.91137,0.84456,0.88323,0.56352,1.64407,2.45917,0.6432,0.77233,1.3861,0.0008252,0.0008252,0.0008252
180,1799.27,0.97008,1.47157,0.6355,0.56891,1.02305,0.87788,0.84974,0.87035,0.51877,0.92743,0.81865,0.86806,0.53233,1.53156,2.50421,0.64868,0.7244,1.34161,0.0008186,0.0008186,0.0008186
181,1809.28,0.99961,1.44034,0.62215,0.60377,1.05337,0.85101,0.8601,0.84454,0.41795,0.89488,0.82902,0.8294,0.45139,1.7797,2.48488,0.64333,0.81065,1.42786,0.000812,0.000812,0.000812
182,1819.12,0.96878,1.25574,0.61926,0.564,1.04502,0.86347,0.85203,0.85245,0.47778,0.91916,0.82902,0.87499,0.55176,1.67144,2.52401,0.65255,0.76347,1.41235,0.0008054,0.0008054,0.0008054
183,1829.03,1.00891,1.37983,0.63488,0.58459,1.05352,0.89273,0.87047,0.89172,0.57667,0.94232,0.81865,0.87443,0.60012,1.41704,2.50828,0.6548,0.72064,1.29341,0.0007988,0.0007988,0.0007988
184,1839.79,0.962,1.36777,0.6097,0.56512,1.03705,0.8879,0.87565,0.89682,0.51248,0.92478,0.8342,0.87847,0.57456,1.5701,2.55078,0.65432,0.77141,1.30352,0.0007922,0.0007922,0.0007922
185,1849.65,0.92818,1.38586,0.64994,0.54999,1.01473,0.88448,0.85492,0.88912,0.49791,0.9292,0.81602,0.86559,0.53899,1.61992,2.50434,0.64903,0.75722,1.33094,0.0007856,0.0007856,0.0007856
186,1859.58,0.95549,1.34687,0.6161,0.56719,1.02231,0.88097,0.88199,0.88112,0.52157,0.92512,0.83216,0.86749,0.56964,1.51054,2.47858,0.63542,0.75824,1.25999,0.000779,0.000779,0.000779
187,1869.44,0.94553,1.49696,0.62646,0.55995,1.03079,0.8703,0.86918,0.88758,0.53295,0.91787,0.86861,0.89194,0.60267,1.46457,2.3403,0.62275,0.74032,1.2498,0.0007724,0.0007724,0.0007724
188,1879.4,0.91124,1.27982,0.63792,0.54305,1.0163,0.85369,0.88601,0.89238,0.52681,0.93773,0.85837,0.90544,0.61928,1.50044,2.3481,0.63932,0.73391,1.27584,0.0007658,0.0007658,0.0007658
189,1889.06,0.91787,1.21074,0.62821,0.53934,1.00542,0.90322,0.88601,0.89797,0.52363,0.93225,0.88601,0.89639,0.6038,1.48827,2.34131,0.6403,0.72055,1.30822,0.0007592,0.0007592,0.0007592
190,1898.93,0.95227,1.33162,0.60872,0.58939,1.02354,0.90684,0.85742,0.89537,0.52529,0.92286,0.86776,0.90682,0.6072,1.51076,2.34728,0.64923,0.73524,1.29924,0.0007526,0.0007526,0.0007526
191,1908.83,0.92924,1.28194,0.64078,0.57697,1.03713,0.91432,0.88083,0.91771,0.56293,0.92894,0.84974,0.89222,0.59442,1.41132,2.37925,0.65773,0.72044,1.24915,0.000746,0.000746,0.000746
192,1918.69,0.93314,1.28857,0.61406,0.56805,1.01744,0.89406,0.87456,0.90959,0.54569,0.9472,0.83938,0.89492,0.56225,1.46847,2.48649,0.6483,0.74483,1.27357,0.0007394,0.0007394,0.0007394
193,1928.64,0.9623,1.29337,0.60454,0.57797,1.02563,0.89037,0.87565,0.90177,0.5266,0.88846,0.86669,0.88188,0.54744,1.48285,2.36169,0.64504,0.73974,1.28498,0.0007328,0.0007328,0.0007328
194,1938.55,0.93456,1.42685,0.64878,0.57591,1.02952,0.88591,0.87565,0.89622,0.53713,0.90016,0.86528,0.88189,0.5602,1.45981,2.35894,0.65126,0.73865,1.32377,0.0007262,0.0007262,0.0007262
195,1948.37,0.96228,1.41815,0.6112,0.56916,1.04089,0.87496,0.89119,0.90538,0.54649,0.86434,0.82902,0.84888,0.54107,1.43017,2.58709,0.66721,0.72261,1.27145,0.0007196,0.0007196,0.0007196
196,1958.4,0.92697,1.34173,0.60616,0.55518,1.02089,0.88288,0.88083,0.87857,0.49341,0.90268,0.81698,0.86248,0.50929,1.52283,2.54028,0.64166,0.72794,1.31043,0.000713,0.000713,0.000713
197,1968.17,0.92875,1.2264,0.59332,0.55813,1.01859,0.89888,0.8601,0.88365,0.48821,0.91001,0.83833,0.87924,0.55284,1.54843,2.34929,0.63519,0.7552,1.33589,0.0007064,0.0007064,0.0007064
198,1978.18,0.92379,1.24371,0.60591,0.54147,1.01241,0.87826,0.83938,0.87061,0.47183,0.91822,0.85492,0.88573,0.57146,1.64017,2.25761,0.61515,0.76384,1.35146,0.0006998,0.0006998,0.0006998
199,1987.89,0.92089,1.31808,0.58808,0.54335,1.01141,0.89173,0.85346,0.89788,0.54738,0.92261,0.84456,0.87787,0.58061,1.42668,2.29036,0.61618,0.70537,1.25583,0.0006932,0.0006932,0.0006932
200,1997.84,0.88604,1.34002,0.57762,0.53923,0.99346,0.86286,0.88024,0.89199,0.5038,0.89908,0.83091,0.85931,0.52557,1.48606,2.27278,0.62353,0.74988,1.27597,0.0006866,0.0006866,0.0006866
201,2007.64,0.89408,1.23612,0.59949,0.5471,1.01231,0.88211,0.90155,0.91617,0.56137,0.90138,0.85244,0.86576,0.53599,1.3452,2.28604,0.62726,0.70085,1.22016,0.00068,0.00068,0.00068
202,2017.8,0.91579,1.27487,0.57356,0.5575,1.01149,0.87148,0.88601,0.89745,0.5173,0.88995,0.88601,0.88105,0.54616,1.50702,2.30543,0.62543,0.73441,1.29333,0.0006734,0.0006734,0.0006734
203,2027.62,0.88626,1.22135,0.58406,0.54819,1.01881,0.88982,0.84974,0.89433,0.52503,0.89525,0.85492,0.8636,0.57862,1.48181,2.34958,0.63857,0.7174,1.2828,0.0006668,0.0006668,0.0006668
204,2037.49,0.8751,1.19058,0.61089,0.53808,0.98709,0.86389,0.85506,0.87995,0.49739,0.92926,0.83938,0.86726,0.58504,1.58602,2.43807,0.63862,0.7596,1.31608,0.0006602,0.0006602,0.0006602
205,2047.3,0.89765,1.05986,0.56418,0.53445,0.99216,0.89554,0.88083,0.89763,0.51223,0.94291,0.85577,0.87871,0.60327,1.49825,2.17502,0.60312,0.70644,1.29799,0.0006536,0.0006536,0.0006536
206,2057.14,0.94033,1.1972,0.56927,0.58081,1.01459,0.897,0.84974,0.88241,0.51082,0.92498,0.83054,0.83901,0.54315,1.51502,2.35787,0.60539,0.73555,1.29753,0.000647,0.000647,0.000647
207,2066.97,0.92385,1.40172,0.59457,0.57029,1.03497,0.89426,0.87047,0.86864,0.48619,0.90882,0.81347,0.83424,0.5455,1.64648,2.50045,0.62208,0.73995,1.36264,0.0006404,0.0006404,0.0006404
208,2075.57,0.91686,1.30194,0.59975,0.55384,1.0182,0.88496,0.90674,0.92361,0.58378,0.90907,0.8288,0.84531,0.55828,1.31013,2.60183,0.65132,0.69256,1.20729,0.0006338,0.0006338,0.0006338
209,2085.5,0.92867,1.33233,0.62208,0.56522,1.01351,0.89925,0.88083,0.90133,0.52749,0.8995,0.87047,0.88633,0.58396,1.47671,2.42365,0.63059,0.72969,1.26662,0.0006272,0.0006272,0.0006272
210,2095.47,0.88789,1.35155,0.57687,0.5315,1.0067,0.89572,0.8601,0.88729,0.53156,0.92682,0.82902,0.86265,0.55172,1.46796,2.49036,0.63221,0.7458,1.27312,0.0006206,0.0006206,0.0006206
211,2105.23,0.8671,1.17764,0.59628,0.52609,0.99069,0.89066,0.85492,0.89198,0.53269,0.92436,0.82313,0.8571,0.56647,1.49094,2.58109,0.65047,0.72407,1.29336,0.000614,0.000614,0.000614
212,2115.13,0.91903,1.36837,0.59658,0.55154,1.02509,0.89992,0.83862,0.88975,0.51564,0.90162,0.81865,0.85018,0.57072,1.6055,2.69027,0.6511,0.75501,1.36757,0.0006074,0.0006074,0.0006074
213,2124.84,0.85377,1.16777,0.60086,0.51915,0.99099,0.9075,0.8642,0.9014,0.53279,0.91905,0.82902,0.8651,0.58016,1.49553,2.50284,0.63408,0.72963,1.33527,0.0006008,0.0006008,0.0006008
214,2134.75,0.89012,1.17507,0.58008,0.54164,0.99107,0.88094,0.88175,0.90399,0.5511,0.94155,0.85492,0.88894,0.59568,1.40363,2.25841,0.61104,0.68926,1.25678,0.0005942,0.0005942,0.0005942
215,2144.61,0.90379,1.25966,0.5994,0.55873,1.00498,0.90374,0.8756,0.90239,0.54073,0.94304,0.85782,0.90009,0.5785,1.47635,2.29342,0.61643,0.70758,1.27988,0.0005876,0.0005876,0.0005876
216,2154.78,0.8812,1.23096,0.56903,0.53971,1.00531,0.91326,0.88083,0.91757,0.55529,0.94347,0.85492,0.9007,0.61421,1.48167,2.19737,0.61686,0.70789,1.30157,0.000581,0.000581,0.000581
217,2164.28,0.89031,1.166,0.57403,0.53525,1.02235,0.86914,0.89476,0.90329,0.55531,0.91867,0.85492,0.87729,0.60104,1.40393,2.25754,0.61179,0.68956,1.28667,0.0005744,0.0005744,0.0005744
218,2174.18,0.9095,1.19365,0.58522,0.54169,1.01454,0.8648,0.89637,0.89013,0.53183,0.89797,0.82085,0.85801,0.57083,1.47177,2.31526,0.62284,0.71266,1.34125,0.0005678,0.0005678,0.0005678
219,2184.19,0.91131,1.27189,0.5942,0.53403,1.0167,0.86192,0.87565,0.87857,0.50358,0.87762,0.88601,0.88763,0.56741,1.6058,2.26328,0.64236,0.75559,1.35811,0.0005612,0.0005612,0.0005612
220,2193.71,0.87378,1.26794,0.59646,0.53911,1.00906,0.88348,0.90674,0.9207,0.55625,0.88903,0.86528,0.8877,0.58789,1.45206,2.21405,0.63824,0.71736,1.27947,0.0005546,0.0005546,0.0005546
221,2202.89,0.84173,1.19189,0.59093,0.5159,0.9878,0.9078,0.89637,0.93086,0.56725,0.90668,0.86528,0.88652,0.60143,1.41784,2.14726,0.60232,0.68174,1.25659,0.000548,0.000548,0.000548
222,2212.34,0.90086,1.22415,0.56377,0.52525,1.01229,0.88332,0.89119,0.90994,0.53137,0.87727,0.85183,0.85669,0.54621,1.49114,2.4817,0.62857,0.72453,1.27018,0.0005414,0.0005414,0.0005414
223,2221.84,0.8863,1.25515,0.57929,0.52325,0.9911,0.90637,0.91192,0.94117,0.57025,0.88483,0.83595,0.84709,0.56428,1.37991,2.57354,0.63859,0.71015,1.2268,0.0005348,0.0005348,0.0005348
224,2231.58,0.8466,1.17156,0.58664,0.50565,0.99717,0.86552,0.88601,0.90888,0.52245,0.8795,0.80829,0.84484,0.55476,1.58463,2.62683,0.65149,0.74425,1.27742,0.0005282,0.0005282,0.0005282
225,2240.45,0.87007,1.22108,0.59126,0.51456,1.0017,0.86282,0.88083,0.91047,0.53873,0.89759,0.81865,0.85689,0.56137,1.53642,2.57249,0.64038,0.73509,1.27026,0.0005216,0.0005216,0.0005216
226,2250.14,0.83936,1.20195,0.55444,0.51389,0.98551,0.8976,0.86294,0.91273,0.56385,0.9281,0.82383,0.87724,0.60408,1.4614,2.44761,0.62825,0.71777,1.2513,0.000515,0.000515,0.000515
227,2259.61,0.85207,1.18655,0.58252,0.5267,1.00203,0.90391,0.88601,0.92374,0.5841,0.89738,0.83938,0.88357,0.63451,1.40908,2.41894,0.63431,0.71379,1.24222,0.0005084,0.0005084,0.0005084
228,2269.36,0.85298,1.14024,0.56343,0.5138,0.99374,0.87547,0.89119,0.91544,0.57358,0.93657,0.8416,0.89043,0.61776,1.41365,2.39306,0.64387,0.70362,1.25855,0.0005018,0.0005018,0.0005018
229,2278.82,0.82196,1.16083,0.57056,0.49802,0.97282,0.88648,0.87565,0.90601,0.53496,0.90507,0.8342,0.85924,0.58647,1.50666,2.34287,0.64687,0.73115,1.29986,0.0004952,0.0004952,0.0004952
230,2288.37,0.8263,1.1466,0.56954,0.51028,0.9775,0.89556,0.86528,0.88679,0.5487,0.93507,0.82078,0.86186,0.58745,1.46989,2.37256,0.63936,0.69214,1.29461,0.0004886,0.0004886,0.0004886
231,2296.96,0.85889,1.2063,0.57053,0.5204,0.99816,0.91149,0.85376,0.91055,0.54453,0.90419,0.8342,0.86657,0.58712,1.56471,2.46482,0.62902,0.73881,1.32565,0.000482,0.000482,0.000482
232,2306.18,0.83015,1.12113,0.56558,0.49784,0.9848,0.90815,0.84456,0.90938,0.55186,0.90815,0.84456,0.89084,0.61552,1.53134,2.43765,0.63191,0.74735,1.30592,0.0004754,0.0004754,0.0004754
233,2315.4,0.8664,1.17218,0.57729,0.52743,0.99429,0.8733,0.89637,0.90938,0.53578,0.93668,0.84315,0.86829,0.58287,1.49834,2.37714,0.63354,0.72139,1.29254,0.0004688,0.0004688,0.0004688
234,2324.99,0.84943,1.20069,0.57035,0.51286,0.98643,0.92375,0.90155,0.91484,0.56294,0.93289,0.83938,0.85916,0.59949,1.43306,2.40408,0.64613,0.70043,1.28517,0.0004622,0.0004622,0.0004622
235,2334.56,0.83869,1.23893,0.59795,0.51582,0.99561,0.89702,0.91192,0.92657,0.54412,0.87248,0.78756,0.82713,0.60065,1.53162,2.62699,0.63073,0.74328,1.30139,0.0004556,0.0004556,0.0004556
236,2344.23,0.83667,1.23589,0.58759,0.50939,0.98731,0.86542,0.89965,0.9179,0.54271,0.89887,0.78293,0.8413,0.59196,1.55909,2.61697,0.62942,0.75303,1.31579,0.000449,0.000449,0.000449
237,2352.96,0.85879,1.147,0.55321,0.52539,0.99674,0.8603,0.89637,0.92014,0.54379,0.89803,0.82134,0.86315,0.58541,1.53405,2.3688,0.62414,0.72328,1.31782,0.0004424,0.0004424,0.0004424
238,2362.57,0.84823,1.18664,0.57796,0.50836,0.99759,0.86066,0.88601,0.91026,0.53765,0.89567,0.84511,0.88839,0.60421,1.5616,2.31979,0.62991,0.71856,1.32126,0.0004358,0.0004358,0.0004358
239,2371.96,0.83655,1.16642,0.57633,0.49993,0.99572,0.8931,0.86576,0.91237,0.54034,0.94861,0.82383,0.90373,0.62056,1.54598,2.34436,0.6281,0.73075,1.31511,0.0004292,0.0004292,0.0004292
240,2381.44,0.8049,1.092,0.54951,0.50037,0.96295,0.9152,0.8601,0.9275,0.56058,0.93612,0.82902,0.88326,0.63841,1.44417,2.33244,0.61396,0.72198,1.27583,0.0004226,0.0004226,0.0004226
241,2391,0.85157,1.12039,0.54873,0.51999,1.0087,0.89576,0.88601,0.92684,0.55478,0.92072,0.85492,0.89637,0.62739,1.47446,2.26773,0.60519,0.69568,1.29643,0.000416,0.000416,0.000416
242,2400.6,0.85262,1.16282,0.5589,0.5158,0.99852,0.9084,0.8601,0.92773,0.56668,0.91161,0.8601,0.8925,0.61907,1.49503,2.32899,0.62281,0.69724,1.32209,0.0004094,0.0004094,0.0004094
243,2410.14,0.82372,1.14579,0.55943,0.50428,0.9658,0.87875,0.90127,0.92631,0.55669,0.94213,0.84354,0.88188,0.61071,1.52234,2.36093,0.6309,0.69952,1.3341,0.0004028,0.0004028,0.0004028
244,2419.11,0.8266,1.15646,0.56092,0.49828,0.98278,0.88236,0.89637,0.92068,0.56455,0.95753,0.81769,0.89089,0.60817,1.48165,2.26559,0.61404,0.70015,1.29801,0.0003962,0.0003962,0.0003962
245,2428.75,0.81033,1.14285,0.56116,0.50369,0.97483,0.88731,0.90155,0.92322,0.55975,0.9198,0.83195,0.88526,0.58738,1.48177,2.29558,0.62332,0.69417,1.29419,0.0003896,0.0003896,0.0003896
246,2438.27,0.8163,1.1499,0.55432,0.50479,0.96679,0.86957,0.90155,0.90474,0.55269,0.92693,0.85448,0.88434,0.57946,1.41657,2.36149,0.64142,0.68279,1.28469,0.000383,0.000383,0.000383
247,2447.87,0.78058,1.08673,0.57299,0.48043,0.95368,0.88583,0.87047,0.87876,0.49996,0.93199,0.85207,0.88032,0.58531,1.55549,2.3315,0.6329,0.76331,1.33746,0.0003764,0.0003764,0.0003764
248,2457.49,0.81513,1.11569,0.55269,0.49996,0.97398,0.88033,0.87665,0.88804,0.52542,0.92265,0.87047,0.88199,0.58868,1.48187,2.33118,0.62823,0.73808,1.30141,0.0003698,0.0003698,0.0003698
249,2467.28,0.82323,1.10963,0.56331,0.50992,0.96727,0.88283,0.89119,0.90634,0.5512,0.90167,0.84974,0.8758,0.58219,1.40836,2.34637,0.62628,0.69724,1.28311,0.0003632,0.0003632,0.0003632
250,2476.93,0.79874,1.0701,0.55468,0.48679,0.97429,0.9053,0.8601,0.90643,0.54233,0.88518,0.8342,0.86864,0.55284,1.49024,2.31292,0.62965,0.70238,1.31967,0.0003566,0.0003566,0.0003566
251,2486.51,0.82261,1.14933,0.55527,0.5008,0.99126,0.89844,0.85492,0.89304,0.54035,0.89516,0.84456,0.86932,0.53608,1.41921,2.26683,0.6365,0.69456,1.30075,0.00035,0.00035,0.00035
252,2496.24,0.80445,0.99522,0.55863,0.50004,0.97466,0.91331,0.84456,0.88692,0.52429,0.93012,0.82755,0.86911,0.55387,1.48909,2.29453,0.63,0.70242,1.3113,0.0003434,0.0003434,0.0003434
253,2505.95,0.80501,0.99422,0.52141,0.47913,0.96041,0.8801,0.87478,0.88146,0.53463,0.90658,0.8342,0.84979,0.55491,1.45298,2.33515,0.63783,0.72017,1.28942,0.0003368,0.0003368,0.0003368
254,2515.62,0.82949,1.07428,0.52579,0.50701,0.97432,0.89774,0.85492,0.88175,0.52364,0.91355,0.82902,0.84771,0.53595,1.46489,2.30196,0.64036,0.74062,1.2815,0.0003302,0.0003302,0.0003302
255,2525.28,0.79464,1.06079,0.55167,0.4885,0.95742,0.9159,0.8601,0.89406,0.54508,0.91389,0.82902,0.84849,0.52681,1.42483,2.26835,0.63675,0.71492,1.28662,0.0003236,0.0003236,0.0003236
256,2535.28,0.80002,1.10602,0.5265,0.50288,0.96093,0.89252,0.88601,0.89306,0.5188,0.86797,0.8175,0.8182,0.50903,1.50454,2.31797,0.6394,0.72864,1.30482,0.000317,0.000317,0.000317
257,2544.85,0.82674,1.0355,0.54159,0.48714,1.00124,0.86705,0.87858,0.88925,0.52661,0.89522,0.82383,0.85466,0.53862,1.50361,2.33649,0.63612,0.72846,1.28645,0.0003104,0.0003104,0.0003104
258,2554.45,0.76726,1.01182,0.53211,0.47459,0.95574,0.86375,0.88686,0.89605,0.56002,0.93223,0.79793,0.86733,0.58594,1.41889,2.3383,0.63568,0.71069,1.2527,0.0003038,0.0003038,0.0003038
259,2564,0.80084,1.06753,0.55681,0.49831,0.97237,0.88311,0.90031,0.90885,0.56372,0.94765,0.81347,0.87322,0.58248,1.40038,2.29758,0.62978,0.70528,1.25861,0.0002972,0.0002972,0.0002972
260,2572.72,0.76155,0.95643,0.54707,0.46129,0.94835,0.90026,0.88858,0.90666,0.55341,0.92716,0.81865,0.87642,0.56961,1.43867,2.28238,0.62257,0.68548,1.28172,0.0002906,0.0002906,0.0002906
261,2582.28,0.76037,0.97708,0.52786,0.47137,0.9423,0.88262,0.89637,0.90731,0.55797,0.91766,0.8342,0.87093,0.5731,1.42964,2.30279,0.63122,0.67468,1.27081,0.000284,0.000284,0.000284
262,2591.98,0.792,1.01937,0.5366,0.48222,0.96845,0.88093,0.88172,0.90592,0.56649,0.92853,0.84456,0.87784,0.59391,1.42557,2.28124,0.6263,0.68301,1.26971,0.0002774,0.0002774,0.0002774
263,2601.61,0.80203,1.11558,0.55845,0.48196,0.9738,0.86734,0.90155,0.909,0.57397,0.91157,0.82383,0.87277,0.5937,1.43,2.29383,0.61578,0.68865,1.26847,0.0002708,0.0002708,0.0002708
264,2610.48,0.77616,1.02619,0.5353,0.47839,0.96297,0.90146,0.90056,0.91869,0.58126,0.92451,0.81865,0.87134,0.60605,1.37608,2.31091,0.61415,0.66824,1.24558,0.0002642,0.0002642,0.0002642
265,2620.06,0.79656,1.01288,0.53747,0.4794,0.97862,0.88752,0.89944,0.91557,0.56136,0.94414,0.82383,0.88496,0.62809,1.47147,2.33007,0.60648,0.71127,1.28656,0.0002576,0.0002576,0.0002576
266,2629.9,0.80553,1.15646,0.54581,0.48863,0.97333,0.90132,0.89119,0.92347,0.58728,0.94108,0.82762,0.88455,0.61207,1.40025,2.36453,0.61544,0.70262,1.27986,0.000251,0.000251,0.000251
267,2639.45,0.76593,1.06534,0.54106,0.47601,0.9535,0.92235,0.84456,0.90733,0.57239,0.92412,0.82902,0.87769,0.60962,1.44745,2.34463,0.62232,0.70936,1.31345,0.0002444,0.0002444,0.0002444
268,2649.26,0.75765,0.96238,0.53139,0.45821,0.95145,0.91619,0.84962,0.90384,0.56206,0.93002,0.82634,0.87565,0.59299,1.43617,2.35218,0.62956,0.72817,1.30306,0.0002378,0.0002378,0.0002378
269,2658.88,0.75594,0.9676,0.54111,0.48272,0.96088,0.90591,0.84812,0.89826,0.54441,0.9239,0.81779,0.86578,0.57391,1.5105,2.41313,0.63422,0.75811,1.31394,0.0002312,0.0002312,0.0002312
270,2668.61,0.76419,1.00004,0.54853,0.47413,0.96206,0.89783,0.84974,0.89888,0.57057,0.91025,0.84083,0.88506,0.61243,1.39522,2.29432,0.61924,0.71477,1.27105,0.0002246,0.0002246,0.0002246
271,2678.24,0.77006,1.05382,0.50551,0.48093,0.95826,0.90522,0.84128,0.89821,0.5607,0.92247,0.8342,0.89156,0.6112,1.43961,2.26123,0.61201,0.7203,1.294,0.000218,0.000218,0.000218
272,2687.87,0.77291,1.08764,0.50068,0.47363,0.95363,0.91112,0.84456,0.89772,0.56072,0.91682,0.84974,0.88833,0.6098,1.42837,2.33007,0.61671,0.72614,1.28845,0.0002114,0.0002114,0.0002114
273,2697.44,0.74414,1.01147,0.51668,0.46776,0.95433,0.92082,0.8436,0.90242,0.56244,0.94107,0.81865,0.88098,0.60396,1.44594,2.36273,0.61837,0.72154,1.29234,0.0002048,0.0002048,0.0002048
274,2707.18,0.76541,1.02095,0.53689,0.47746,0.96944,0.9213,0.84917,0.90511,0.57033,0.94596,0.81631,0.87787,0.59653,1.40032,2.35009,0.62273,0.69943,1.27567,0.0001982,0.0001982,0.0001982
275,2716.66,0.76837,0.97486,0.52108,0.46926,0.9568,0.89761,0.90674,0.9279,0.59506,0.92987,0.82443,0.87894,0.61481,1.35099,2.2471,0.61057,0.68734,1.26517,0.0001916,0.0001916,0.0001916
276,2726.34,0.74726,0.98413,0.5271,0.46879,0.96184,0.90756,0.86481,0.91549,0.58462,0.91168,0.8557,0.89073,0.61968,1.39733,2.24307,0.61193,0.6878,1.28702,0.000185,0.000185,0.000185
277,2735.74,0.74031,0.92952,0.5491,0.44745,0.94155,0.88852,0.87047,0.91235,0.57959,0.93949,0.84974,0.89619,0.62363,1.4168,2.30636,0.61531,0.70601,1.29923,0.0001784,0.0001784,0.0001784
